VCC0001	14.78
VCC0002	18.50
VCC0003	17.50
VCC0004	17.50
VCC0005	18.90
VCC0006	15.10
VCC0007	15.04
VCC0008	19.00
VCC0009	13.93
VCC0010	14.75
VCC0011	17.00
VCC0012	15.30
VCC0013	18.60
VCC0014	16.50
VCC0015	14.70
VCC0016	16.50
VCC0017	15.20
VCC0018	15.00
VCC0019	16.50
VCC0020	18.00
VCC0021	14.75
VCC0022	16.00
VCC0023	18.50
VCC0024	14.95
VCC0025	12.46
VCC0026	17.50
VCC0027	14.75
VCC0028	15.38
VCC0029	17.40
VCC0030	17.20
VCC0031	14.87
VCC0032	14.40
VCC0033	14.67
VCC0034	14.65
VCC0035	19.00
VCC0036	19.00
VCC0037	18.30
VCC0038	14.28
VCC0039	14.70
VCC0040	15.38
VCC0041	18.00
VCC0042	19.50
VCC0043	15.30
VCC0044	19.00
VCC0045	16.00
VCC0046	17.00
VCC0047	14.20
VCC0048	14.30
VCC0049	12.21
VCC0050	16.60
VCC0051	15.10
VCC0052	17.80
VCC0053	15.20
VCC0054	15.30
VCC0055	18.70
VCC0056	15.10
VCC0057	15.13
VCC0058	13.17
VCC0059	14.90
VCC0060	15.04
VCC0061	17.70
VCC0062	15.20
VCC0063	19.30
VCC0064	15.04
VCC0065	18.00
VCC0066	11.89
VCC0067	13.98
VCC0068	17.00
VCC0069	18.50
VCC0070	18.00
VCC0071	18.00
VCC0072	16.00
VCC0073	13.35
VCC0074	16.30
VCC0075	15.21
VCC0076	15.27
VCC0077	18.20
VCC0078	18.00
VCC0079	17.20
VCC0080	20.00
VCC0081	15.60
VCC0082	17.00
VCC0083	15.13
VCC0084	18.50
VCC0085	17.50
VCC0086	14.43
VCC0087	15.00
VCC0088	18.20
VCC0089	12.53
VCC0090	18.50
VCC0091	18.00
VCC0092	10.92
VCC0093	16.30
VCC0094	13.57
VCC0095	15.13
VCC0096	17.50
VCC0097	13.20
VCC0098	18.50
VCC0099	14.81
VCC0100	18.50
VCC0101	14.42
VCC0102	15.04
VCC0103	14.78
VCC0104	18.00
VCC0105	13.68
VCC0106	18.00
VCC0107	20.00
VCC0108	17.00
VCC0109	16.40
VCC0110	18.30
VCC0111	19.50
VCC0112	19.50
VCC0113	17.00
VCC0114	16.00
VCC0115	16.70
VCC0116	17.20
VCC0117	16.50
VCC0118	15.60
VCC0119	14.76
VCC0120	13.47
VCC0121	16.00
VCC0122	13.85
VCC0123	15.20
VCC0124	16.00
VCC0125	18.20
VCC0126	14.23
VCC0127	17.50
VCC0128	15.60
VCC0129	14.64
VCC0130	16.50
VCC0131	14.34
VCC0132	16.40
VCC0133	19.50
VCC0134	14.50
VCC0135	14.81
VCC0136	18.50
VCC0137	17.40
VCC0138	18.30
VCC0139	19.30
VCC0140	14.30
VCC0141	14.90
VCC0142	14.56
VCC0143	15.46
VCC0144	15.31
VCC0145	12.77
VCC0146	20.00
VCC0147	19.00
VCC0148	15.30
VCC0149	19.50
VCC0150	20.00
VCC0151	19.50
VCC0152	13.48
VCC0153	19.50
VCC0154	16.50
VCC0155	14.95
VCC0156	19.50
VCC0157	11.86
VCC0158	15.80
VCC0159	15.08
VCC0160	19.00
VCC0161	15.22
VCC0162	14.41
VCC0163	19.60
VCC0164	20.00
VCC0165	14.87
VCC0166	13.12
VCC0167	10.97
VCC0168	17.00
VCC0169	16.50
VCC0170	14.86
VCC0171	17.40
VCC0172	14.50
VCC0173	15.00
VCC0174	14.69
VCC0175	20.00
VCC0176	14.87
VCC0177	15.20
VCC0178	15.10
VCC0179	18.30
VCC0180	15.30
VCC0181	17.30
VCC0182	18.30
VCC0183	18.50
VCC0184	16.20
VCC0185	19.30
VCC0186	15.10
VCC0187	13.91
VCC0188	19.00
VCC0189	14.75
VCC0190	18.00
VCC0191	18.70
VCC0192	18.10
VCC0193	14.39
VCC0194	14.61
VCC0195	19.30
VCC0196	16.50
VCC0197	19.50
VCC0198	18.00
VCC0199	12.95
VCC0200	14.69
VCC0201	18.00
VCC0202	16.00
VCC0203	19.50
VCC0204	18.50
VCC0205	19.30
VCC0206	14.67
VCC0207	17.20
VCC0208	17.80
VCC0209	14.63
VCC0210	14.78
VCC0211	17.50
VCC0212	19.50
VCC0213	14.44
VCC0214	18.20
VCC0215	18.40
VCC0216	14.90
VCC0217	15.50
VCC0218	14.88
VCC0219	19.50
VCC0220	12.97
VCC0221	13.43
VCC0222	12.62
VCC0223	16.50
VCC0224	14.70
VCC0225	17.00
VCC0226	12.53
VCC0227	14.90
VCC0228	14.87
VCC0229	20.00
VCC0230	15.20
VCC0231	18.20
VCC0232	19.00
VCC0233	17.70
VCC0234	12.99
VCC0235	16.70
VCC0236	15.70
VCC0237	18.00
VCC0238	18.30
VCC0239	20.00
VCC0240	18.20
VCC0241	14.60
VCC0242	18.50
VCC0243	20.00
VCC0244	18.00
VCC0245	18.40
VCC0246	19.00
VCC0247	18.00
VCC0248	17.20
VCC0249	14.61
VCC0250	19.50
VCC0251	14.72
VCC0252	17.30
VCC0253	19.00
VCC0254	20.00
VCC0255	18.50
VCC0256	15.20
VCC0257	14.21
VCC0258	18.50
VCC0259	14.78
VCC0260	15.70
VCC0261	16.00
VCC0262	15.10
VCC0263	18.60
VCC0264	13.36
VCC0265	14.80
VCC0266	14.60
VCC0267	13.82
VCC0268	19.50
VCC0269	15.54
VCC0270	15.02
VCC0271	14.40
VCC0272	15.20
VCC0273	16.60
VCC0274	17.50
VCC0275	14.54
VCC0276	18.40
VCC0277	15.20
VCC0278	15.10
VCC0279	16.30
VCC0280	17.70
VCC0281	15.30
VCC0282	17.00
VCC0283	18.80
VCC0284	18.30
VCC0285	19.50
VCC0286	16.00
VCC0287	16.00
VCC0288	17.70
VCC0289	14.81
VCC0290	20.00
VCC0291	18.80
VCC0292	17.00
VCC0293	16.60
VCC0294	18.00
VCC0295	15.13
VCC0296	19.30
VCC0297	15.10
VCC0298	15.13
VCC0299	17.20
VCC0300	18.10
VCC0301	18.50
VCC0302	14.80
VCC0303	15.80
VCC0304	16.30
VCC0305	20.00
VCC0306	19.30
VCC0307	10.43
VCC0308	14.30
VCC0309	16.20
VCC0310	19.50
VCC0311	14.50
VCC0312	13.61
VCC0313	14.62
VCC0314	14.86
VCC0315	14.98
VCC0316	19.30
VCC0317	18.00
VCC0318	14.01
VCC0319	16.20
VCC0320	16.50
VCC0321	18.00
VCC0322	15.10
VCC0323	14.91
VCC0324	14.78
VCC0325	15.80
VCC0326	20.00
VCC0327	14.80
VCC0328	16.90
VCC0329	16.80
VCC0330	16.70
VCC0331	15.00
VCC0332	15.00
VCC0333	19.30
VCC0334	16.20
VCC0335	17.80
VCC0336	16.20
VCC0337	14.95
VCC0338	16.50
VCC0339	18.20
VCC0340	14.43
VCC0341	12.70
VCC0342	14.59
VCC0343	15.10
VCC0344	15.30
VCC0345	11.31
VCC0346	16.70
VCC0347	15.20
VCC0348	15.04
VCC0349	18.60
VCC0350	17.20
VCC0351	14.92
VCC0352	15.20
VCC0353	19.00
VCC0354	16.00
VCC0355	12.41
VCC0356	14.63
VCC0357	19.00
VCC0358	13.80
VCC0359	14.80
VCC0360	18.50
VCC0361	17.40
VCC0362	14.51
VCC0363	14.51
VCC0364	17.30
VCC0365	18.70
VCC0366	14.89
VCC0367	17.20
VCC0368	19.00
VCC0369	11.80
VCC0370	15.10
VCC0371	13.73
VCC0372	18.00
VCC0373	13.69
VCC0374	14.95
VCC0375	13.11
VCC0376	20.00
VCC0377	14.70
VCC0378	18.80
VCC0379	17.00
VCC0380	15.30
VCC0381	16.50
VCC0382	12.37
VCC0383	20.00
VCC0384	20.00
VCC0385	14.46
VCC0386	14.47
VCC0387	18.50
VCC0388	17.40
VCC0389	14.40
VCC0390	16.90
VCC0391	18.50
VCC0392	14.91
VCC0393	13.25
VCC0394	17.70
VCC0395	14.60
VCC0396	17.00
VCC0397	15.00
VCC0398	18.30
VCC0399	19.00
VCC0400	14.52
VCC0401	17.70
VCC0402	18.20
VCC0403	18.00
VCC0404	15.00
VCC0405	20.00
VCC0406	15.00
VCC0407	14.64
VCC0408	12.27
VCC0409	18.00
VCC0410	17.10
VCC0411	14.53
VCC0412	20.00
VCC0413	18.00
VCC0414	17.20
VCC0415	14.82
VCC0416	20.00
VCC0417	14.51
VCC0418	17.30
VCC0419	15.04
VCC0420	15.04
VCC0421	17.00
VCC0422	18.00
VCC0423	17.30
VCC0424	14.86
VCC0425	17.30
VCC0426	18.50
VCC0427	18.50
VCC0428	17.50
VCC0429	17.20
VCC0430	19.00
VCC0431	18.20
VCC0432	19.00
VCC0433	19.50
VCC0434	14.65
VCC0435	14.87
VCC0436	15.90
VCC0437	14.54
VCC0438	19.50
VCC0439	16.20
VCC0440	17.20
VCC0441	18.50
VCC0442	14.64
VCC0443	15.20
VCC0444	16.80
VCC0445	20.00
VCC0446	15.50
VCC0447	19.30
VCC0448	16.80
VCC0449	14.34
VCC0450	15.08
VCC0451	20.00
VCC0452	15.80
VCC0453	16.00
VCC0454	17.40
VCC0455	19.00
VCC0456	19.50
VCC0457	19.00
VCC0458	16.30
VCC0459	14.95
VCC0460	11.20
VCC0461	16.50
VCC0462	13.50
VCC0463	19.00
VCC0464	17.50
VCC0465	12.62
VCC0466	17.70
VCC0467	17.70
VCC0468	16.00
VCC0469	18.50
VCC0470	19.40
VCC0471	18.50
VCC0472	16.40
VCC0473	15.20
VCC0474	20.00
VCC0475	13.80
VCC0476	17.90
VCC0477	16.70
VCC0478	19.00
VCC0479	16.60
VCC0480	19.50
VCC0481	18.30
VCC0482	14.77
VCC0483	12.08
VCC0484	19.20
VCC0485	15.38
VCC0486	14.50
VCC0487	19.50
VCC0488	17.20
VCC0489	16.80
VCC0490	14.33
VCC0491	12.86
VCC0492	13.76
VCC0493	19.00
VCC0494	16.00
VCC0495	19.50
VCC0496	18.70
VCC0497	12.55
VCC0498	18.50
VCC0499	17.60
VCC0500	14.89
VCC0501	17.20
VCC0502	19.50
VCC0503	16.80
VCC0504	16.00
VCC0505	17.80
VCC0506	18.50
VCC0507	19.00
VCC0508	10.17
VCC0509	14.98
VCC0510	14.90
VCC0511	18.20
VCC0512	15.30
VCC0513	15.10
VCC0514	14.70
VCC0515	18.20
VCC0516	20.00
VCC0517	14.90
VCC0518	20.00
VCC0519	19.50
VCC0520	17.50
VCC0521	18.50
VCC0522	13.28
VCC0523	13.75
VCC0524	12.79
VCC0525	16.70
VCC0526	14.78
VCC0527	14.75
VCC0528	15.20
VCC0529	18.20
VCC0530	15.80
VCC0531	15.00
VCC0532	18.70
VCC0533	18.70
VCC0534	13.59
VCC0535	17.00
VCC0536	19.00
VCC0537	18.50
VCC0538	15.40
VCC0539	16.80
VCC0540	19.40
VCC0541	16.00
VCC0542	15.00
VCC0543	14.77
VCC0544	17.00
VCC0545	15.17
VCC0546	15.70
VCC0547	18.80
VCC0548	18.30
VCC0549	16.60
VCC0550	16.50
VCC0551	16.30
VCC0552	13.61
VCC0553	19.00
VCC0554	17.20
VCC0555	19.20
VCC0556	19.50
VCC0557	18.70
VCC0558	16.20
VCC0559	12.56
VCC0560	17.00
VCC0561	18.00
VCC0562	16.60
VCC0563	16.30
VCC0564	20.00
VCC0565	15.70
VCC0566	15.80
VCC0567	14.36
VCC0568	14.91
VCC0569	19.50
VCC0570	12.73
VCC0571	14.74
VCC0572	14.90
VCC0573	15.20
VCC0574	17.00
VCC0575	14.14
VCC0576	13.70
VCC0577	18.30
VCC0578	17.60
VCC0579	20.00
VCC0580	17.20
VCC0581	20.00
VCC0582	20.00
VCC0583	15.70
VCC0584	15.80
VCC0585	17.00
VCC0586	18.50
VCC0587	17.60
VCC0588	14.60
VCC0589	19.80
VCC0590	19.00
VCC0591	20.00
VCC0592	16.60
VCC0593	15.08
VCC0594	16.30
VCC0595	19.50
VCC0596	10.11
VCC0597	14.80
VCC0598	18.40
VCC0599	14.76
VCC0600	18.00
VCC0601	19.70
VCC0602	18.30
VCC0603	19.50
VCC0604	18.50
VCC0605	19.70
VCC0606	18.20
VCC0607	19.20
VCC0608	14.70
VCC0609	19.20
VCC0610	20.00
VCC0611	15.70
VCC0612	17.30
VCC0613	12.60
VCC0614	18.60
VCC0615	17.50
VCC0616	14.40
VCC0617	14.59
VCC0618	16.50
VCC0619	18.20
VCC0620	15.20
VCC0621	18.20
VCC0622	16.70
VCC0623	14.09
VCC0624	20.00
VCC0625	18.20
VCC0626	18.50
VCC0627	14.90
VCC0628	18.20
VCC0629	18.20
VCC0630	13.10
VCC0631	18.50
VCC0632	17.50
VCC0633	18.00
VCC0634	14.24
VCC0635	19.00
VCC0636	16.44
VCC0637	14.27
VCC0638	13.93
VCC0639	19.00
VCC0640	19.20
VCC0641	15.08
VCC0642	18.30
VCC0643	18.50
VCC0644	20.00
VCC0645	18.20
VCC0646	18.80
VCC0647	20.00
VCC0648	12.32
VCC0649	14.60
VCC0650	20.00
VCC0651	17.50
VCC0652	17.80
VCC0653	17.60
VCC0654	12.03
VCC0655	13.21
VCC0656	13.14
VCC0657	13.54
VCC0658	18.50
VCC0659	18.30
VCC0660	19.50
VCC0661	18.50
VCC0662	14.80
VCC0663	18.20
VCC0664	13.75
VCC0665	14.80
VCC0666	16.80
VCC0667	14.24
VCC0668	16.50
VCC0669	16.30
VCC0670	15.06
VCC0671	18.00
VCC0672	14.21
VCC0673	20.00
VCC0674	18.00
VCC0675	15.00
VCC0676	19.50
VCC0677	18.20
VCC0678	19.00
VCC0679	15.70
VCC0680	19.00
VCC0681	19.50
VCC0682	15.20
VCC0683	19.00
VCC0684	16.00
VCC0685	11.99
VCC0686	18.50
VCC0687	17.70
VCC0688	13.94
VCC0689	19.80
VCC0690	15.23
VCC0691	19.50
VCC0692	13.04
VCC0693	15.06
VCC0694	18.80
VCC0695	15.70
VCC0696	18.30
VCC0697	14.17
VCC0698	13.60
VCC0699	14.22
VCC0700	14.90
VCC0701	19.20
VCC0702	19.50
VCC0703	17.50
VCC0704	20.00
VCC0705	17.20
VCC0706	17.30
VCC0707	19.00
VCC0708	19.00
VCC0709	19.00
VCC0710	14.83
VCC0711	15.80
VCC0712	14.37
VCC0713	14.04
VCC0714	18.30
VCC0715	14.80
VCC0716	19.20
VCC0717	20.00
VCC0718	15.00
VCC0719	18.50
VCC0720	15.30
VCC0721	20.00
VCC0722	13.47
VCC0723	15.04
VCC0724	18.30
VCC0725	16.00
VCC0726	18.70
VCC0727	18.40
VCC0728	18.50
VCC0729	14.87
VCC0730	20.00
VCC0731	10.51
VCC0732	18.50
VCC0733	18.20
VCC0734	15.10
VCC0735	19.30
VCC0736	15.04
VCC0737	14.94
VCC0738	19.00
VCC0739	14.37
VCC0740	15.70
VCC0741	15.50
VCC0742	18.30
VCC0743	20.00
VCC0744	19.00
VCC0745	14.67
VCC0746	17.70
VCC0747	16.20
VCC0748	17.30
VCC0749	14.78
VCC0750	14.95
VCC0751	15.30
VCC0752	19.00
VCC0753	15.50
VCC0754	19.00
VCC0755	16.60
VCC0756	16.20
VCC0757	18.60
VCC0758	13.69
VCC0759	11.80
VCC0760	17.60
VCC0761	17.30
VCC0762	15.30
VCC0763	10.26
VCC0764	14.90
VCC0765	16.00
VCC0766	20.00
VCC0767	19.50
VCC0768	14.91
VCC0769	16.30
VCC0770	15.19
VCC0771	18.00
VCC0772	17.00
VCC0773	18.20
VCC0774	18.50
VCC0775	17.50
VCC0776	18.20
VCC0777	18.00
VCC0778	12.67
VCC0779	17.70
VCC0780	18.00
VCC0781	14.46
VCC0782	19.50
VCC0783	19.00
VCC0784	12.62
VCC0785	12.16
VCC0786	15.11
VCC0787	13.69
VCC0788	15.80
VCC0789	19.00
VCC0790	16.40
VCC0791	16.40
VCC0792	12.36
VCC0793	16.50
VCC0794	15.50
VCC0795	18.00
VCC0796	20.00
VCC0797	17.00
VCC0798	10.09
VCC0799	14.90
VCC0800	18.20
VCC0801	12.68
VCC0802	17.40
VCC0803	18.00
VCC0804	19.00
VCC0805	14.90
VCC0806	18.40
VCC0807	19.00
VCC0808	17.70
VCC0809	14.55
VCC0810	16.50
VCC0811	16.50
VCC0812	16.50
VCC0813	18.20
VCC0814	19.00
VCC0815	16.10
VCC0816	15.30
VCC0817	15.00
VCC0818	18.30
VCC0819	19.50
VCC0820	17.00
VCC0821	19.50
VCC0822	15.04
VCC0823	15.70
VCC0824	18.00
VCC0825	15.90
VCC0826	15.00
VCC0827	13.76
VCC0828	13.02
VCC0829	18.50
VCC0830	19.30
VCC0831	15.04
VCC0832	19.00
VCC0833	17.48
VCC0834	14.61
VCC0835	20.00
VCC0836	11.83
VCC0837	19.00
VCC0838	17.50
VCC0839	17.10
VCC0840	17.40
VCC0841	16.70
VCC0842	20.00
VCC0843	18.70
VCC0844	18.90
VCC0845	19.00
VCC0846	16.20
VCC0847	14.92
VCC0848	14.72
VCC0849	13.27
VCC0850	18.80
VCC0851	14.14
VCC0852	19.00
VCC0853	20.00
VCC0854	17.30
VCC0855	17.20
VCC0856	14.42
VCC0857	11.76
VCC0858	14.70
VCC0859	14.61
VCC0860	19.50
VCC0861	17.90
VCC0862	18.00
VCC0863	18.00
VCC0864	15.02
VCC0865	13.02
VCC0866	20.00
VCC0867	19.00
VCC0868	20.00
VCC0869	15.00
VCC0870	14.68
VCC0871	15.40
VCC0872	17.00
VCC0873	12.56
VCC0874	12.99
VCC0875	19.80
VCC0876	18.50
VCC0877	17.60
VCC0878	17.30
VCC0879	19.00
VCC0880	19.60
VCC0881	10.06
VCC0882	16.70
VCC0883	19.00
VCC0884	18.50
VCC0885	14.65
VCC0886	20.00
VCC0887	19.50
VCC0888	15.00
VCC0889	14.71
VCC0890	16.00
VCC0891	20.00
VCC0892	18.32
VCC0893	20.00
VCC0894	19.00
VCC0895	18.30
VCC0896	17.80
VCC0897	19.50
VCC0898	19.50
VCC0899	16.60
VCC0900	18.50
VCC0901	18.00
VCC0902	18.30
VCC0903	18.91
VCC0904	14.41
VCC0905	13.42
VCC0906	19.00
VCC0907	14.15
VCC0908	14.82
VCC0909	16.20
VCC0910	20.00
VCC0911	15.30
VCC0912	12.97
VCC0913	20.00
VCC0914	19.00
VCC0915	18.20
VCC0916	15.30
VCC0917	14.90
VCC0918	15.30
VCC0919	14.68
VCC0920	17.20
VCC0921	13.14
VCC0922	19.50
VCC0923	19.50
VCC0924	19.30
VCC0925	19.50
VCC0926	17.60
VCC0927	19.50
VCC0928	16.11
VCC0929	13.72
VCC0930	18.00
VCC0931	15.80
VCC0932	18.60
VCC0933	16.60
VCC0934	14.75
VCC0935	19.00
VCC0936	15.50
VCC0937	19.00
VCC0938	12.89
VCC0939	12.92
VCC0940	14.78
VCC0941	19.10
VCC0942	19.77
VCC0943	18.60
VCC0944	12.08
VCC0945	14.82
VCC0946	15.20
VCC0947	15.70
VCC0948	20.00
VCC0949	15.10
VCC0950	14.49
VCC0951	14.23
VCC0952	16.50
VCC0953	15.70
VCC0954	17.20
VCC0955	19.00
VCC0956	18.75
VCC0957	12.67
VCC0958	12.13
VCC0959	19.50
VCC0960	20.00
VCC0961	15.04
VCC0962	17.53
VCC0963	17.20
VCC0964	18.40
VCC0965	15.40
VCC0966	12.45
VCC0967	18.72
VCC0968	19.20
VCC0969	20.00
VCC0970	19.50
VCC0971	14.28
VCC0972	16.90
VCC0973	14.61
VCC0974	16.40
VCC0975	13.58
VCC0976	18.00
VCC0977	17.89
VCC0978	18.10
VCC0979	12.32
VCC0980	14.17
VCC0981	14.95
VCC0982	17.30
VCC0983	18.00
VCC0984	12.82
VCC0985	17.00
VCC0986	19.50
VCC0987	18.50
VCC0988	20.00
VCC0989	15.80
VCC0990	14.81
VCC0991	14.70
VCC0992	15.80
VCC0993	18.50
VCC0994	15.90
VCC0995	15.32
VCC0996	18.41
VCC0997	17.72
VCC0998	18.16
VCC0999	19.70
VCC1000	18.20
VCC1001	16.60
VCC1002	12.48
VCC1003	11.15
VCC1004	19.00
VCC1005	16.40
VCC1006	18.20
VCC1007	15.22
VCC1008	20.00
VCC1009	19.50
VCC1010	13.72
VCC1011	14.85
VCC1012	20.00
VCC1013	16.40
VCC1014	18.34
VCC1015	19.80
VCC1016	14.90
VCC1017	14.50
VCC1018	14.81
VCC1019	15.00
VCC1020	16.90
VCC1021	15.04
VCC1022	20.00
VCC1023	20.00
VCC1024	18.30
VCC1025	12.99
VCC1026	18.30
VCC1027	18.08
VCC1028	15.70
VCC1029	19.00
VCC1030	11.84
VCC1031	16.10
VCC1032	19.50
VCC1033	18.40
VCC1034	18.00
VCC1035	16.00
VCC1036	14.03
VCC1037	19.62
VCC1038	18.60
VCC1039	17.20
VCC1040	17.50
VCC1041	19.50
VCC1042	18.60
VCC1043	10.91
VCC1044	16.70
VCC1045	18.70
VCC1046	20.00
VCC1047	12.74
VCC1048	15.10
VCC1049	14.20
VCC1050	18.50
VCC1051	19.80
VCC1052	16.00
VCC1053	19.50
VCC1054	18.50
VCC1055	19.00
VCC1056	18.70
VCC1057	19.50
VCC1058	15.30
VCC1059	18.00
VCC1060	15.00
VCC1061	18.20
VCC1062	11.40
VCC1063	20.00
VCC1064	17.30
VCC1065	16.40
VCC1066	16.00
VCC1067	20.00
VCC1068	15.85
VCC1069	16.44
VCC1070	19.60
VCC1071	18.50
VCC1072	14.41
VCC1073	14.23
VCC1074	19.00
VCC1075	14.95
VCC1076	17.00
VCC1077	19.21
VCC1078	15.30
VCC1079	16.40
VCC1080	15.30
VCC1081	18.80
VCC1082	20.00
VCC1083	19.05
VCC1084	14.90
VCC1085	14.69
VCC1086	13.66
VCC1087	14.30
VCC1088	20.00
VCC1089	18.00
VCC1090	19.00
VCC1091	14.60
VCC1092	17.30
VCC1093	16.50
VCC1094	17.30
VCC1095	18.50
VCC1096	19.00
VCC1097	19.00
VCC1098	18.00
VCC1099	18.00
VCC1100	18.10
VCC1101	15.94
VCC1102	17.70
VCC1103	20.00
VCC1104	15.31
VCC1105	16.20
VCC1106	16.80
VCC1107	15.10
VCC1108	19.50
VCC1109	18.50
VCC1110	10.93
VCC1111	17.70
VCC1112	18.80
VCC1113	19.50
VCC1114	14.51
VCC1115	17.80
VCC1116	20.00
VCC1117	19.00
VCC1118	13.31
VCC1119	17.00
VCC1120	16.60
VCC1121	16.40
VCC1122	14.82
VCC1123	16.65
VCC1124	16.30
VCC1125	13.30
VCC1126	13.30
VCC1127	18.50
VCC1128	16.00
VCC1129	17.69
VCC1130	15.68
VCC1131	18.10
VCC1132	17.20
VCC1133	19.30
VCC1134	15.20
VCC1135	18.40
VCC1136	18.02
VCC1137	17.20
VCC1138	15.20
VCC1139	20.00
VCC1140	18.50
VCC1141	16.20
VCC1142	19.00
VCC1143	18.71
VCC1144	19.80
VCC1145	11.66
VCC1146	12.92
VCC1147	20.00
VCC1148	15.70
VCC1149	17.47
VCC1150	20.00
VCC1151	16.70
VCC1152	14.82
VCC1153	17.80
VCC1154	11.37
VCC1155	18.50
VCC1156	14.13
VCC1157	19.50
VCC1158	12.09
VCC1159	19.00
VCC1160	18.50
VCC1161	19.03
VCC1162	19.80
VCC1163	16.40
VCC1164	16.80
VCC1165	18.00
VCC1166	17.70
VCC1167	15.50
VCC1168	17.70
VCC1169	17.80
VCC1170	19.00
VCC1171	19.20
VCC1172	15.50
VCC1173	16.06
VCC1174	15.50
VCC1175	15.10
VCC1176	19.00
VCC1177	18.70
VCC1178	13.70
VCC1179	14.87
VCC1180	16.50
VCC1181	20.00
VCC1182	15.10
VCC1183	14.32
VCC1184	19.20
VCC1185	15.56
VCC1186	17.80
VCC1187	20.00
VCC1188	14.23
VCC1189	13.70
VCC1190	12.22
VCC1191	17.42
VCC1192	15.05
VCC1193	14.62
VCC1194	18.30
VCC1195	19.00
VCC1196	13.80
VCC1197	20.00
VCC1198	17.70
VCC1199	15.50
VCC1200	14.78
VCC1201	18.80
VCC1202	20.00
VCC1203	15.70
VCC1204	16.60
VCC1205	13.04
VCC1206	14.81
VCC1207	17.20
VCC1208	15.20
VCC1209	17.20
VCC1210	17.20
VCC1211	18.60
VCC1212	16.50
VCC1213	16.20
VCC1214	20.00
VCC1215	19.40
VCC1216	18.10
VCC1217	14.00
VCC1218	15.70
VCC1219	18.21
VCC1220	19.00
VCC1221	18.20
VCC1222	16.40
VCC1223	16.70
VCC1224	17.50
VCC1225	17.30
VCC1226	 9.31
VCC1227	17.40
VCC1228	16.20
VCC1229	19.38
VCC1230	19.50
VCC1231	11.10
VCC1232	19.00
VCC1233	16.80
VCC1234	19.50
VCC1235	18.00
VCC1236	18.40
VCC1237	15.50
VCC1238	15.70
VCC1239	17.80
VCC1240	16.80
VCC1241	19.00
VCC1242	12.60
VCC1243	14.31
VCC1244	18.90
VCC1245	18.70
VCC1246	17.50
VCC1247	18.20
VCC1248	18.20
VCC1249	14.72
VCC1250	13.14
VCC1251	19.81
VCC1252	18.80
VCC1253	11.31
VCC1254	15.00
VCC1255	19.00
VCC1256	19.00
VCC1257	16.50
VCC1258	15.30
VCC1259	18.24
VCC1260	19.50
VCC1261	13.68
VCC1262	15.10
VCC1263	18.30
VCC1264	16.80
VCC1265	19.00
VCC1266	14.63
VCC1267	19.30
VCC1268	16.50
VCC1269	18.80
VCC1270	15.00
VCC1271	19.41
VCC1272	18.50
VCC1273	15.25
VCC1274	19.70
VCC1275	20.00
VCC1276	20.00
VCC1277	19.00
VCC1278	18.30
VCC1279	12.15
VCC1280	19.50
VCC1281	19.50
VCC1282	19.70
VCC1283	13.45
VCC1284	14.44
VCC1285	18.50
VCC1286	18.85
VCC1287	16.00
VCC1288	17.90
VCC1289	18.50
VCC1290	13.09
VCC1291	18.30
VCC1292	18.80
VCC1293	14.64
VCC1294	16.20
VCC1295	18.30
VCC1296	17.20
VCC1297	15.11
VCC1298	17.94
VCC1299	19.50
VCC1300	19.28
VCC1301	19.00
VCC1302	18.00
VCC1303	13.17
VCC1304	15.50
VCC1305	19.70
VCC1306	19.50
VCC1307	18.00
VCC1308	15.10
VCC1309	19.00
VCC1310	19.28
VCC1311	15.60
VCC1312	18.70
VCC1313	16.80
VCC1314	17.18
VCC1315	19.50
VCC1316	 9.58
VCC1317	17.98
VCC1318	12.86
VCC1319	19.50
VCC1320	20.00
VCC1321	12.84
VCC1322	14.80
VCC1323	16.20
VCC1324	18.20
VCC1325	20.00
VCC1326	13.43
VCC1327	13.50
VCC1328	19.30
VCC1329	18.10
VCC1330	13.17
VCC1331	17.00
VCC1332	18.30
VCC1333	15.80
VCC1334	16.00
VCC1335	19.80
VCC1336	17.00
VCC1337	18.00
VCC1338	18.70
VCC1339	14.90
VCC1340	18.26
VCC1341	18.24
VCC1342	19.00
VCC1343	18.24
VCC1344	20.00
VCC1345	19.00
VCC1346	18.50
VCC1347	15.00
VCC1348	15.64
VCC1349	18.50
VCC1350	20.00
VCC1351	16.00
VCC1352	17.20
VCC1353	16.49
VCC1354	18.50
VCC1355	14.31
VCC1356	14.90
VCC1357	18.90
VCC1358	16.00
VCC1359	18.40
VCC1360	18.20
VCC1361	17.20
VCC1362	17.20
VCC1363	19.00
VCC1364	19.50
VCC1365	19.30
VCC1366	17.60
VCC1367	19.50
VCC1368	13.34
VCC1369	17.30
VCC1370	17.40
VCC1371	18.20
VCC1372	19.50
VCC1373	17.80
VCC1374	15.16
VCC1375	12.00
VCC1376	14.50
VCC1377	15.70
VCC1378	18.20
VCC1379	12.62
VCC1380	19.00
VCC1381	19.00
VCC1382	19.50
VCC1383	18.50
VCC1384	17.10
VCC1385	19.00
VCC1386	14.43
VCC1387	19.20
VCC1388	19.00
VCC1389	15.60
VCC1390	20.00
VCC1391	18.50
VCC1392	14.62
VCC1393	14.01
VCC1394	19.50
VCC1395	16.20
VCC1396	16.70
VCC1397	18.00
VCC1398	18.50
VCC1399	16.50
VCC1400	16.20
VCC1401	10.27
VCC1402	18.00
VCC1403	17.50
VCC1404	18.10
VCC1405	19.00
VCC1406	19.60
VCC1407	14.82
VCC1408	18.00
VCC1409	19.00
VCC1410	14.57
VCC1411	15.72
VCC1412	12.12
VCC1413	17.30
VCC1414	17.00
VCC1415	19.50
VCC1416	19.00
VCC1417	16.10
VCC1418	17.00
VCC1419	13.64
VCC1420	16.20
VCC1421	20.00
VCC1422	13.81
VCC1423	16.00
VCC1424	19.50
VCC1425	19.50
VCC1426	15.50
VCC1427	15.35
VCC1428	15.38
VCC1429	15.41
VCC1430	17.20
VCC1431	14.51
VCC1432	16.50
VCC1433	19.00
VCC1434	20.00
VCC1435	14.63
VCC1436	18.50
VCC1437	15.70
VCC1438	17.70
VCC1439	20.00
VCC1440	14.92
VCC1441	16.30
VCC1442	14.82
VCC1443	17.30
VCC1444	15.60
VCC1445	18.42
VCC1446	15.70
VCC1447	19.45
VCC1448	13.93
VCC1449	18.00
VCC1450	13.29
VCC1451	16.20
VCC1452	19.50
VCC1453	14.34
VCC1454	18.69
VCC1455	16.80
VCC1456	14.74
VCC1457	16.00
VCC1458	15.33
VCC1459	16.30
VCC1460	16.50
VCC1461	19.30
VCC1462	14.80
VCC1463	18.50
VCC1464	17.72
VCC1465	15.00
VCC1466	19.50
VCC1467	18.80
VCC1468	15.00
VCC1469	19.50
VCC1470	20.00
VCC1471	16.50
VCC1472	17.50
VCC1473	18.30
VCC1474	19.00
VCC1475	13.36
VCC1476	14.89
VCC1477	19.00
VCC1478	18.30
VCC1479	13.67
VCC1480	14.94
VCC1481	17.39
VCC1482	18.00
VCC1483	16.50
VCC1484	14.48
VCC1485	19.00
VCC1486	15.30
VCC1487	19.50
VCC1488	14.76
VCC1489	15.89
VCC1490	14.68
VCC1491	14.80
VCC1492	18.30
VCC1493	19.50
VCC1494	19.00
VCC1495	17.60
VCC1496	17.50
VCC1497	15.70
VCC1498	17.30
VCC1499	14.58
VCC1500	19.20
VCC1501	15.10
VCC1502	18.50
VCC1503	15.50
VCC1504	15.00
VCC1505	18.00
VCC1506	18.30
VCC1507	15.08
VCC1508	12.34
VCC1509	16.80
VCC1510	18.30
VCC1511	18.20
VCC1512	15.73
VCC1513	19.00
VCC1514	15.10
VCC1515	17.00
VCC1516	12.73
VCC1517	17.30
VCC1518	18.00
VCC1519	17.20
VCC1520	20.00
VCC1521	14.21
VCC1522	18.70
VCC1523	17.50
VCC1524	13.62
VCC1525	14.81
VCC1526	14.90
VCC1527	19.82
VCC1528	14.51
VCC1529	14.63
VCC1530	18.30
VCC1531	17.40
VCC1532	14.05
VCC1533	18.00
VCC1534	18.20
VCC1535	10.61
VCC1536	18.40
VCC1537	12.70
VCC1538	19.40
VCC1539	15.40
VCC1540	11.32
VCC1541	20.00
VCC1542	14.91
VCC1543	18.00
VCC1544	17.00
VCC1545	14.75
VCC1546	19.50
VCC1547	18.20
VCC1548	18.59
VCC1549	14.63
VCC1550	18.50
VCC1551	18.50
VCC1552	12.58
VCC1553	16.80
VCC1554	12.30
VCC1555	10.51
VCC1556	19.30
VCC1557	14.53
VCC1558	18.83
VCC1559	19.50
VCC1560	20.03
VCC1561	15.30
VCC1562	11.01
VCC1563	16.00
VCC1564	20.00
VCC1565	16.91
VCC1566	14.51
VCC1567	14.64
VCC1568	15.00
VCC1569	15.00
VCC1570	16.00
VCC1571	15.80
VCC1572	16.00
VCC1573	16.57
VCC1574	17.30
VCC1575	13.98
VCC1576	14.40
VCC1577	15.80
VCC1578	19.70
VCC1579	14.87
VCC1580	18.80
VCC1581	14.55
VCC1582	16.50
VCC1583	16.50
VCC1584	18.20
VCC1585	15.30
VCC1586	19.30
VCC1587	18.50
VCC1588	12.49
VCC1589	19.00
VCC1590	20.00
VCC1591	19.50
VCC1592	18.70
VCC1593	15.25
VCC1594	18.73
VCC1595	18.38
VCC1596	17.20
VCC1597	15.20
VCC1598	15.10
VCC1599	17.30
VCC1600	19.00
VCC1601	18.00
VCC1602	18.20
VCC1603	18.00
VCC1604	16.70
VCC1605	17.00
VCC1606	17.50
VCC1607	14.90
VCC1608	14.20
VCC1609	17.37
VCC1610	19.00
VCC1611	19.50
VCC1612	18.50
VCC1613	18.50
VCC1614	14.14
VCC1615	10.98
VCC1616	16.20
VCC1617	15.00
VCC1618	18.30
VCC1619	12.50
VCC1620	20.00
VCC1621	18.37
VCC1622	17.90
VCC1623	16.70
VCC1624	13.89
VCC1625	18.30
VCC1626	19.00
VCC1627	15.50
VCC1628	19.00
VCC1629	17.40
VCC1630	12.85
VCC1631	20.00
VCC1632	10.78
VCC1633	15.62
VCC1634	20.00
VCC1635	20.00
VCC1636	15.13
VCC1637	18.50
VCC1638	15.20
VCC1639	19.00
VCC1640	19.00
VCC1641	19.00
VCC1642	17.80
VCC1643	15.20
VCC1644	17.50
VCC1645	18.00
VCC1646	19.50
VCC1647	16.00
VCC1648	20.00
VCC1649	15.70
VCC1650	17.40
VCC1651	17.00
VCC1652	17.30
VCC1653	15.30
VCC1654	15.04
VCC1655	19.00
VCC1656	17.10
VCC1657	17.70
VCC1658	17.00
VCC1659	19.00
VCC1660	14.90
VCC1661	15.70
VCC1662	20.00
VCC1663	17.50
VCC1664	12.02
VCC1665	15.30
VCC1666	19.50
VCC1667	17.30
VCC1668	18.00
VCC1669	16.20
VCC1670	20.00
VCC1671	14.80
VCC1672	19.00
VCC1673	12.08
VCC1674	16.30
VCC1675	14.47
VCC1676	11.70
VCC1677	16.80
VCC1678	13.70
VCC1679	18.70
VCC1680	19.49
VCC1681	18.20
VCC1682	17.80
VCC1683	17.00
VCC1684	14.87
VCC1685	15.18
VCC1686	13.91
VCC1687	15.10
VCC1688	16.30
VCC1689	17.00
VCC1690	10.25
VCC1691	17.30
VCC1692	11.82
VCC1693	19.20
VCC1694	19.30
VCC1695	14.60
VCC1696	11.81
VCC1697	18.20
VCC1698	15.80
VCC1699	14.11
VCC1700	19.00
VCC1701	15.30
VCC1702	17.70
VCC1703	19.00
VCC1704	16.00
VCC1705	18.70
VCC1706	20.00
VCC1707	19.00
VCC1708	20.00
VCC1709	19.50
VCC1710	17.80
VCC1711	16.00
VCC1712	19.50
VCC1713	15.08
VCC1714	18.50
VCC1715	16.20
VCC1716	19.00
VCC1717	16.10
VCC1718	18.30
VCC1719	18.00
VCC1720	12.22
VCC1721	14.22
VCC1722	18.70
VCC1723	20.00
VCC1724	18.50
VCC1725	14.51
VCC1726	14.54
VCC1727	10.56
VCC1728	16.70
VCC1729	17.80
VCC1730	12.61
VCC1731	18.50
VCC1732	18.20
VCC1733	18.00
VCC1734	20.00
VCC1735	19.50
VCC1736	19.00
VCC1737	14.80
VCC1738	18.70
VCC1739	18.70
VCC1740	18.00
VCC1741	18.40
VCC1742	19.00
VCC1743	15.10
VCC1744	17.50
VCC1745	17.90
VCC1746	19.50
VCC1747	18.20
VCC1748	15.79
VCC1749	19.50
VCC1750	16.50
VCC1751	18.40
VCC1752	15.56
VCC1753	17.50
VCC1754	19.00
VCC1755	15.70
VCC1756	17.90
VCC1757	13.72
VCC1758	14.99
VCC1759	15.20
VCC1760	12.54
VCC1761	16.80
VCC1762	16.20
VCC1763	14.04
VCC1764	15.80
VCC1765	14.86
VCC1766	18.50
VCC1767	16.50
VCC1768	14.52
VCC1769	20.00
VCC1770	18.40
VCC1771	18.80
VCC1772	14.84
VCC1773	15.80
VCC1774	15.10
VCC1775	20.00
VCC1776	17.00
VCC1777	20.00
VCC1778	13.85
VCC1779	14.83
VCC1780	13.70
VCC1781	18.70
VCC1782	18.70
VCC1783	18.40
VCC1784	17.50
VCC1785	17.80
VCC1786	18.20
VCC1787	20.00
VCC1788	19.70
VCC1789	15.07
VCC1790	19.00
VCC1791	14.67
VCC1792	18.00
VCC1793	15.20
VCC1794	17.30
VCC1795	18.20
VCC1796	16.40
VCC1797	18.30
VCC1798	18.50
VCC1799	15.30
VCC1800	19.50
VCC1801	19.50
VCC1802	14.90
VCC1803	16.70
VCC1804	15.50
VCC1805	19.50
VCC1806	16.80
VCC1807	20.00
VCC1808	15.20
VCC1809	14.17
VCC1810	15.20
VCC1811	12.92
VCC1812	17.20
VCC1813	11.51
VCC1814	18.70
VCC1815	17.70
VCC1816	16.20
VCC1817	20.00
VCC1818	18.40
VCC1819	18.80
VCC1820	19.00
VCC1821	17.20
VCC1822	15.60
VCC1823	18.80
VCC1824	15.30
VCC1825	15.70
VCC1826	14.87
VCC1827	13.41
VCC1828	14.90
VCC1829	17.30
VCC1830	14.25
VCC1831	18.00
VCC1832	19.00
VCC1833	14.69
VCC1834	13.47
VCC1835	20.00
VCC1836	14.92
VCC1837	17.00
VCC1838	15.00
VCC1839	17.20
VCC1840	18.50
VCC1841	19.60
VCC1842	15.30
VCC1843	17.70
VCC1844	19.50
VCC1845	15.30
VCC1846	18.30
VCC1847	14.91
VCC1848	19.40
VCC1849	16.20
VCC1850	19.50
VCC1851	18.80
VCC1852	19.50
VCC1853	18.50
VCC1854	19.00
VCC1855	15.20
VCC1856	18.80
VCC1857	14.33
VCC1858	19.50
VCC1859	12.69
VCC1860	18.00
VCC1861	14.37
VCC1862	19.00
VCC1863	19.30
VCC1864	16.80
VCC1865	19.20
VCC1866	16.70
VCC1867	17.70
VCC1868	13.75
VCC1869	12.05
VCC1870	15.80
VCC1871	13.86
VCC1872	18.50
VCC1873	16.40
VCC1874	18.30
VCC1875	14.80
VCC1876	14.85
VCC1877	18.60
VCC1878	14.91
VCC1879	17.30
VCC1880	18.30
VCC1881	16.20
VCC1882	19.00
VCC1883	12.57
VCC1884	16.00
VCC1885	17.20
VCC1886	14.87
VCC1887	16.70
VCC1888	20.00
VCC1889	16.00
VCC1890	14.84
VCC1891	16.70
VCC1892	18.30
VCC1893	16.50
VCC1894	19.50
VCC1895	14.91
VCC1896	14.78
VCC1897	14.49
VCC1898	16.20
VCC1899	20.00
VCC1900	16.00
VCC1901	17.60
VCC1902	13.17
VCC1903	10.76
VCC1904	19.00
VCC1905	18.00
VCC1906	15.70
VCC1907	19.00
VCC1908	15.20
VCC1909	16.10
VCC1910	14.17
VCC1911	19.50
VCC1912	14.16
VCC1913	13.22
VCC1914	19.50
VCC1915	16.70
VCC1916	17.00
VCC1917	15.60
VCC1918	15.80
VCC1919	17.00
VCC1920	15.20
VCC1921	15.90
VCC1922	17.50
VCC1923	13.14
VCC1924	18.70
VCC1925	19.50
VCC1926	19.30
VCC1927	14.91
VCC1928	17.50
VCC1929	13.77
VCC1930	19.50
VCC1931	15.20
VCC1932	13.19
VCC1933	15.80
VCC1934	16.10
VCC1935	19.50
VCC1936	15.04
VCC1937	19.00
VCC1938	12.11
VCC1939	10.48
VCC1940	14.96
VCC1941	18.00
VCC1942	16.50
VCC1943	12.19
VCC1944	18.00
VCC1945	14.82
VCC1946	20.00
VCC1947	14.56
VCC1948	15.10
VCC1949	14.19
VCC1950	17.70
VCC1951	17.00
VCC1952	16.00
VCC1953	19.00
VCC1954	14.80
VCC1955	14.12
VCC1956	15.10
VCC1957	18.40
VCC1958	17.00
VCC1959	15.20
VCC1960	17.00
VCC1961	14.90
VCC1962	15.10
VCC1963	20.00
VCC1964	18.00
VCC1965	16.50
VCC1966	17.60
VCC1967	17.70
VCC1968	20.00
VCC1969	14.90
VCC1970	15.50
VCC1971	16.60
VCC1972	12.03
VCC1973	18.50
VCC1974	19.00
VCC1975	18.80
VCC1976	18.50
VCC1977	20.00
VCC1978	 9.81
VCC1979	14.68
VCC1980	16.10
VCC1981	19.00
VCC1982	15.30
VCC1983	16.60
VCC1984	15.10
VCC1985	20.00
VCC1986	19.00
VCC1987	11.14
VCC1988	14.78
VCC1989	18.30
VCC1990	19.50
VCC1991	15.60
VCC1992	15.50
VCC1993	15.30
VCC1994	16.80
VCC1995	15.80
VCC1996	18.50
VCC1997	15.10
VCC1998	18.20
VCC1999	13.08
VCC2000	11.94
VCC2001	19.00
VCC2002	19.50
VCC2003	18.20
VCC2004	16.00
VCC2005	14.90
VCC2006	13.68
VCC2007	15.20
VCC2008	15.00
VCC2009	15.10
VCC2010	19.00
VCC2011	17.10
VCC2012	14.30
VCC2013	18.30
VCC2014	17.50
VCC2015	16.20
VCC2016	18.20
VCC2017	17.00
VCC2018	14.88
VCC2019	14.55
VCC2020	15.13
VCC2021	19.00
VCC2022	20.00
VCC2023	13.86
VCC2024	20.00
VCC2025	18.50
VCC2026	20.00
VCC2027	18.50
VCC2028	16.60
VCC2029	18.20
VCC2030	18.80
VCC2031	19.50
VCC2032	17.50
VCC2033	14.65
VCC2034	15.80
VCC2035	20.00
VCC2036	14.44
VCC2037	15.80
VCC2038	14.80
VCC2039	20.00
VCC2040	20.00
VCC2041	15.13
VCC2042	14.79
VCC2043	18.00
VCC2044	14.74
VCC2045	16.00
VCC2046	14.80
VCC2047	19.50
VCC2048	13.85
VCC2049	16.40
VCC2050	15.20
VCC2051	17.50
VCC2052	20.00
VCC2053	19.20
VCC2054	17.00
VCC2055	15.13
VCC2056	17.00
VCC2057	18.50
VCC2058	11.55
VCC2059	20.00
VCC2060	19.00
VCC2061	18.00
VCC2062	19.00
VCC2063	17.00
VCC2064	18.40
VCC2065	19.50
VCC2066	12.19
VCC2067	18.20
VCC2068	18.80
VCC2069	19.50
VCC2070	11.53
VCC2071	17.80
VCC2072	19.00
VCC2073	15.30
VCC2074	18.00
VCC2075	19.30
VCC2076	15.30
VCC2077	15.20
VCC2078	17.50
VCC2079	20.00
VCC2080	16.20
VCC2081	17.00
VCC2082	15.30
VCC2083	15.20
VCC2084	19.50
VCC2085	19.00
VCC2086	20.00
VCC2087	12.63
VCC2088	17.70
VCC2089	17.50
VCC2090	15.50
VCC2091	18.50
VCC2092	11.51
VCC2093	18.50
VCC2094	17.80
VCC2095	11.18
VCC2096	15.80
VCC
